﻿[
  {
    "id": "P001",
    "name": "Kiki",
    "age": 5,
    "type": "Dog",
    "weight": 6,
    "length": 40,
    "color": "#000000",
    "breed": "Husky",
    "vaccinated": true,
    "dewormed": true,
    "sterilized": true,
    "date": "5/26/2022"
  },
  {
    "id": "1",
    "name": "Bin",
    "age": 10,
    "type": "Dog",
    "weight": 4,
    "length": 40,
    "color": "#e6e6e6",
    "breed": "Best Dog",
    "vaccinated": true,
    "dewormed": true,
    "sterilized": true,
    "date": "5/22/2022"
  },
  {
    "id": "2",
    "name": "meo`",
    "age": 2,
    "type": "Cat",
    "weight": 2,
    "length": 2,
    "color": "#000000",
    "breed": "12312412",
    "vaccinated": false,
    "dewormed": true,
    "sterilized": false,
    "date": "5/20/2022"
  },
  {
    "id": "123",
    "name": "TEst2",
    "age": 4,
    "type": "Cat",
    "weight": 4,
    "length": 4,
    "color": "#3e705f",
    "breed": "Con Meo`",
    "vaccinated": true,
    "dewormed": true,
    "sterilized": false,
    "date": "5/22/2022"
  },
  {
    "id": "2312",
    "name": "Con cho",
    "age": 2,
    "type": "Cat",
    "weight": 3,
    "length": 2,
    "color": "#ff0a0a",
    "breed": "Con Meo`",
    "vaccinated": true,
    "dewormed": true,
    "sterilized": true,
    "date": "5/20/2022"
  },
  {
    "id": "12",
    "name": "11",
    "age": 3,
    "type": "Dog",
    "weight": 3,
    "length": 2,
    "color": "#2e5247",
    "breed": "COn Cho",
    "vaccinated": true,
    "dewormed": false,
    "sterilized": true,
    "date": "5/20/2022"
  },
  {
    "id": "123asd123",
    "name": "Con meo`",
    "age": 5,
    "type": "Cat",
    "weight": 3,
    "length": 2,
    "color": "#2bff00",
    "breed": "12312412",
    "vaccinated": false,
    "dewormed": true,
    "sterilized": true,
    "date": "5/20/2022"
  },
  {
    "id": "22",
    "name": "Muop",
    "age": 8,
    "type": "Cat",
    "weight": 6,
    "length": 30,
    "color": "#000000",
    "breed": "Kitty",
    "vaccinated": false,
    "dewormed": true,
    "sterilized": true,
    "date": "5/22/2022"
  },
  {
    "id": "A1225",
    "name": "Charlie T",
    "age": 4,
    "type": "Dog",
    "weight": 10,
    "length": 60,
    "color": "#6a3dbd",
    "breed": "TrungLap",
    "vaccinated": true,
    "dewormed": true,
    "sterilized": false,
    "date": "5/24/2022"
  },
  {
    "id": "B123",
    "name": "Cookie Po",
    "age": 4,
    "type": "Cat",
    "weight": 14,
    "length": 70,
    "color": "#6dfd8a",
    "breed": "Domestic Short Hair",
    "vaccinated": true,
    "dewormed": false,
    "sterilized": true,
    "date": "5/24/2022"
  }
]
